text,audio
"Worktual’s Lola is a next-generation conversational AI platform designed to revolutionize the way organizations connect with customers by enabling seamless, intelligent, and real-time interactions across multiple channels including WhatsApp, Instagram, websites, and social platforms, ensuring enterprises deliver consistent service quality, reduce overhead costs, scale automation effectively, provide personalized engagement, achieve higher retention, and create long-term loyalty while also improving efficiency, offering multilingual support, ensuring data-driven insights, maintaining compliance, and helping businesses drive measurable outcomes that optimize decision-making, streamline workflows, and create lasting trust in modern customer engagement strategies.",gemini_speech/9c33b49b-6f8b-4b4e-b963-34141bbcdbd4.wav
"Lola uses advanced artificial intelligence technologies such as natural language processing, contextual understanding, machine learning, and predictive analysis to understand customer queries, detect intent, provide personalized recommendations, manage sentiment detection, automate repetitive requests, escalate complex problems to live agents, reduce resolution times, and ensure that every conversation aligns with enterprise objectives, helping businesses operate with agility, strengthen customer relationships, increase brand loyalty, improve response accuracy, reduce agent workload, and establish a scalable, intelligent customer engagement model that adapts and improves continuously in competitive enterprise environments. Through its robust and flexible integration capabilities, Lola connects seamlessly with CRM platforms, helpdesk tools, analytics dashboards, third-party applications, messaging systems, and social media accounts, ensuring synchronized customer data, accurate reporting, streamlined workflows, actionable insights, improved campaign performance, cross-functional collaboration, optimized resource allocation, and measurable efficiency gains, enabling organizations to maintain consistency across touchpoints, reduce manual work, enhance reporting accuracy, improve overall productivity, and deliver intelligent customer engagement experiences that drive long-term growth, retention, and satisfaction across global enterprise ecosystems.",gemini_speech/a0457cbb-e942-4c00-9d88-8cad6ec0b6c9.wav
"The Ticketing System supports proactive monitoring, alerts, anomaly detection, performance reporting, workflow optimization, and trend analysis to ensure organizations can identify potential issues early, reduce bottlenecks, enhance collaboration, improve resource utilization, and deliver measurable improvements in service quality and customer experience across the enterprise.",gemini_speech/72a770ed-400d-4ecd-9721-5ece4ccc1e99.wav
"The platform’s advanced analytics and reporting systems allow businesses to access real-time insights into customer interactions, query trends, agent performance, sentiment detection, engagement scoring, workflow efficiency, and campaign effectiveness, empowering managers to refine AI models, allocate resources efficiently, improve service delivery, enhance workforce productivity, reduce operational costs, predict customer needs, and provide proactive solutions, enabling organizations to make data-driven decisions that improve customer experience, drive loyalty, optimize marketing strategies, reduce churn, and deliver measurable value to enterprises operating in competitive, customer-driven markets.",gemini_speech/5e1b784a-2fe2-49e8-970f-3987573e1bb3.wav
"Lola leverages contextual awareness and continuous learning to ensure it evolves with changing customer behaviors, adapting its responses to emerging patterns, identifying intent more accurately, providing precise recommendations, supporting multilingual communication, reducing agent dependency, enhancing personalization, predicting future engagement needs, learning from prior conversations, and constantly refining its intelligence to ensure enterprises maintain consistent, proactive, and intelligent communication with customers across multiple digital touchpoints, resulting in stronger brand loyalty, long-term retention, and sustainable business growth in highly dynamic industries.",gemini_speech/9c8dc8a5-37bb-437c-bd56-2b3d7817109f.wav
"The platform’s secure and scalable cloud-based infrastructure delivers enterprise-grade compliance, GDPR alignment, redundancy, high availability, continuous monitoring, role-based access, centralized management, seamless integration with existing IT ecosystems, reliable high-volume handling, and uninterrupted performance, ensuring organizations achieve maximum operational excellence, protect sensitive data, maintain customer trust, deliver consistent experiences, and build a resilient customer engagement framework that aligns with modern enterprise requirements for security, compliance, efficiency, and future-ready customer communication systems across industries.",gemini_speech/534cbf56-f9e0-4715-888f-e4367746cc71.wav
"Lola’s automation capabilities empower organizations to automate repetitive interactions, deliver instant responses, enable intelligent routing, escalate complex queries, support proactive engagement, predict outcomes, provide personalized recommendations, optimize workflows, reduce costs, allocate resources intelligently, improve agent productivity, ensure consistent service, reduce manual effort, improve customer retention, and enable enterprises to achieve greater operational efficiency and measurable growth, positioning Lola as a key strategic enabler in transforming customer support into a seamless, AI-driven, and future-proof business advantage.",gemini_speech/42ebd33c-0eae-434b-a24c-4b13f1530053.wav
"The collaborative features of Lola allow agents, supervisors, and managers to align on escalations, workflow optimization, customer strategies, campaign performance, and training, enabling continuous improvement, increasing accountability, ensuring consistency, refining engagement strategies, and driving effective teamwork across customer service operations, resulting in improved satisfaction, better resource allocation, reduced inefficiencies, optimized customer journeys, higher engagement scores, enhanced loyalty, and sustainable competitive advantage in industries that demand consistent, intelligent, and scalable customer engagement solutions to thrive and grow effectively.",gemini_speech/1f199003-b36f-4d55-81f6-234ac2fda46b.wav
"Its real-time monitoring capabilities combined with AI-driven insights allow enterprises to track customer behavior patterns, sentiment shifts, service quality gaps, agent productivity levels, and campaign performance, enabling quick responses to market changes, optimized communication strategies, reduced churn, proactive engagement, increased retention, improved training, better alignment of resources, predictive analysis, and strategic business decisions that strengthen overall customer engagement, enhance service delivery, and create measurable business outcomes in competitive and customer-centric industries around the world.",gemini_speech/eeb97f88-f72b-4b85-b1a2-daa2230c0cad.wav
"Overall, Worktual’s Lola brings together conversational AI, natural language processing, machine learning, automation, contextual intelligence, omnichannel engagement, secure infrastructure, advanced analytics, continuous learning, and proactive communication capabilities to provide a unified, intelligent, and highly scalable customer engagement experience, enabling enterprises to increase efficiency, enhance service quality, achieve business objectives, reduce costs, build loyalty, improve retention, streamline workflows, empower agents, protect data, maintain compliance, and position themselves as customer-focused leaders delivering measurable outcomes and long-term success in modern digital-first industries.",gemini_speech/f02422ca-5e6f-46e3-817b-c1479184e038.wav
"Worktual’s Lukas is an advanced AI-powered workforce management solution designed to help enterprises streamline operations, optimize employee productivity, enhance organizational transparency, and enable seamless collaboration by providing managers with intelligent tools to track schedules, monitor performance, allocate resources effectively, reduce manual administrative overhead, and make data-driven decisions that improve efficiency, strengthen accountability, and align workforce strategies with business objectives, ensuring that enterprises operate with maximum agility, achieve higher employee satisfaction, maintain compliance, and build a culture of productivity, engagement, and measurable business growth across different industries and organizational sizes.",gemini_speech/1a9e52a4-b95c-43a6-9919-596e32f8b661.wav
"Lukas leverages automation, predictive analytics, and real-time monitoring to help organizations reduce operational inefficiencies, forecast workforce requirements, anticipate bottlenecks, assign tasks intelligently, optimize resource utilization, reduce absenteeism, maintain compliance with labor regulations, and provide managers with actionable insights that improve planning, increase flexibility, support informed decision-making, and deliver measurable gains in operational excellence, empowering businesses to transform workforce management into a strategic advantage while maintaining employee satisfaction and ensuring long-term growth and sustainability across competitive industries.",gemini_speech/71d50be8-2e36-4002-b211-92d5b9dd126a.wav
"The platform integrates seamlessly with HR management systems, payroll software, ERP platforms, and analytics dashboards to centralize employee information, automate payroll calculations, streamline reporting, simplify compliance tracking, enhance accuracy, reduce manual errors, and empower organizations to operate with transparency, accountability, and efficiency, ensuring that managers, HR teams, and executives have access to synchronized data, accurate performance metrics, and actionable workforce insights that help them refine operations, improve decision-making, and deliver better business outcomes while reducing costs and enhancing operational resilience.",gemini_speech/b9985da6-7d1e-4458-981c-002cd44ec540.wav
"Lukas provides advanced analytics and visualization features that give organizations real-time insights into employee performance, workload distribution, productivity levels, attendance records, compliance status, project progress, and workforce trends, enabling managers to identify skill gaps, recognize high performers, predict future workforce needs, align training initiatives, improve workforce allocation, optimize scheduling, reduce turnover, and make data-driven decisions that strengthen employee engagement, build organizational agility, and create a sustainable workforce management strategy that contributes directly to customer satisfaction, operational efficiency, and overall business performance.",gemini_speech/471b145e-1cc1-4ab6-843d-cc945bdcfc17.wav
"By leveraging machine learning and predictive intelligence, Lukas continuously learns from workforce patterns, operational outcomes, and organizational objectives to enhance scheduling accuracy, improve forecasting models, detect anomalies in performance, adapt to evolving workforce behaviors, provide proactive recommendations, optimize resource allocation, reduce errors, and ensure that organizations can anticipate workforce requirements while maintaining efficiency, reducing costs, and ensuring that employees remain productive, motivated, and aligned with enterprise goals in an increasingly competitive and dynamic business landscape.",gemini_speech/790f88ee-5cbc-47fc-b2a7-adc788069140.wav
"The platform also offers robust compliance management and auditing capabilities that allow enterprises to track regulatory requirements, manage labor laws, monitor working hours, ensure fairness in scheduling, prevent employee fatigue, reduce compliance risks, and maintain detailed audit trails, helping businesses remain legally compliant, build trust with employees, maintain transparency, and operate with accountability, while simultaneously reducing legal risks, enhancing employee satisfaction, and ensuring that workforce management practices align with industry regulations and international compliance standards in highly regulated industries.",gemini_speech/426af46c-600a-466b-8f14-141e240f893d.wav
"Lukas enhances collaboration and communication between managers, employees, and HR teams by providing centralized dashboards, task allocation tools, notification systems, and performance monitoring features that ensure transparency, improve accountability, reduce miscommunication, optimize task completion, and foster a culture of teamwork, enabling organizations to empower employees, strengthen engagement, align goals, reduce conflicts, and build high-performing teams that work collaboratively towards achieving organizational success, improving customer satisfaction, and ensuring long-term growth in competitive and dynamic market environments.",gemini_speech/c9533fda-e727-4a90-a3ff-aaf13a28d07e.wav
"The automation features of Lukas help organizations handle repetitive workforce management tasks such as shift scheduling, leave approvals, payroll updates, compliance checks, and reporting, reducing manual workload, eliminating errors, improving turnaround times, enabling HR professionals to focus on strategic initiatives, and empowering managers to make informed decisions, which results in greater efficiency, reduced operational costs, improved workforce engagement, better compliance management, and long-term organizational success built on the foundation of efficiency, intelligence, and automation in employee management practices. The real-time monitoring and reporting features of Lukas empower enterprises to respond quickly to workforce challenges, identify performance gaps, optimize scheduling strategies, align employee workloads with organizational objectives, predict future staffing requirements, improve decision-making accuracy, and ensure that workforce strategies remain agile, flexible, and resilient, enabling businesses to reduce risks, optimize productivity, achieve higher employee satisfaction, build stronger teams, and deliver measurable improvements in customer experience, operational performance, and business growth across global enterprise environments.",gemini_speech/5fe05fe7-0be3-4c63-a70c-f78b2765e9ea.wav
"Overall, Worktual’s Ticketing System combines automation, AI-driven task allocation, SLA monitoring, escalation handling, collaborative tools, integration capabilities, advanced analytics, and secure infrastructure to empower organizations to deliver efficient, transparent, and customer-focused ticket management, optimize workflows, enhance productivity, improve decision-making, reduce operational costs, and achieve measurable business outcomes across industries and geographies.",gemini_speech/d3b05a38-1814-4a80-82f6-adf7defd428e.wav
"Overall, Worktual’s Lukas combines automation, predictive intelligence, workforce analytics, real-time monitoring, compliance tracking, integration capabilities, and advanced collaboration features to empower enterprises with a future-ready workforce management solution that increases productivity, enhances transparency, strengthens compliance, improves employee engagement, reduces operational costs, optimizes decision-making, drives agility, and ensures long-term growth, helping organizations transform workforce management into a strategic advantage that supports operational excellence, customer satisfaction, and measurable business success in today’s competitive and evolving business landscape.",gemini_speech/3f58e691-4e65-4ff9-806c-34d7fa247ff7.wav
"Worktual’s AI Contact Centre is a powerful enterprise-grade customer engagement solution designed to transform how organizations manage communication by providing intelligent, automated, and scalable support across multiple channels including voice, chat, email, WhatsApp, Instagram, and websites, ensuring consistent service delivery, improved agent efficiency, reduced operational costs, enhanced personalization, higher customer retention, and seamless automation that helps organizations achieve measurable outcomes, improve decision-making, build customer trust, and deliver world-class support aligned with evolving industry standards.",gemini_speech/69461896-8dc3-43f6-903f-fad2a15f002d.wav
"The AI Contact Centre leverages natural language processing, contextual intelligence, advanced sentiment analysis, and machine learning algorithms to understand customer intent, detect emotions, provide accurate responses, personalize engagements, automate repetitive requests, escalate complex queries to human agents, ensure minimal response times, reduce errors, and create a scalable support model that not only adapts to customer needs but also continuously learns and improves performance for delivering consistent, reliable, and human-like conversational experiences across global enterprise environments.",gemini_speech/fbea7bf3-14c4-41de-ab18-30a3e1e41642.wav
"Through seamless integration with enterprise applications, CRM platforms, ERP systems, ticketing tools, analytics dashboards, and third-party APIs, the AI Contact Centre ensures data synchronization, workflow automation, improved reporting accuracy, actionable insights, optimized campaigns, reduced manual workload, enhanced collaboration, and streamlined customer journeys, empowering organizations to operate with greater agility, transparency, and productivity while providing personalized customer service and creating a foundation for scalable, future-ready digital engagement ecosystems across industries and geographies.",gemini_speech/3cc24075-1e30-40f3-bbd8-a0e39f607ad1.wav
"The solution also provides advanced analytics and reporting dashboards that track conversation patterns, customer satisfaction levels, agent performance, sentiment analysis, workflow bottlenecks, and campaign results, enabling businesses to make data-driven decisions, refine service delivery, improve agent training, optimize AI models, identify areas for automation, and ensure proactive customer engagement that results in reduced churn, higher satisfaction, increased efficiency, and greater customer lifetime value.",gemini_speech/a49ceff7-07bd-4159-bc30-0f9733bf54e3.wav
"GDPR adherence, enterprise-grade security, redundancy systems, and real-time monitoring, allowing organizations to expand across regions without compromising service quality, data protection, or operational performance, while enabling enterprises to handle large-scale customer interactions with reliability, speed, and precision in increasingly competitive markets.",gemini_speech/0e67d83d-3b53-416c-834e-9faf58c6bf0f.wav
"By automating repetitive tasks such as password resets, billing queries, appointment scheduling, feedback collection, and order tracking, the AI Contact Centre allows human agents to focus on complex, high-value interactions that require empathy, contextual understanding, and personalized engagement, leading to improved morale, enhanced productivity, better customer relationships, and significant cost savings for organizations across diverse industries.",gemini_speech/79abd939-8fbf-4f5c-92b2-10503e523faf.wav
"The AI-driven contact centre incorporates continuous learning mechanisms that analyze past interactions, customer preferences, performance metrics, and emerging patterns to update its knowledge base, refine automation workflows, enhance prediction accuracy, and evolve responses, ensuring the system becomes smarter, more adaptive, and more efficient over time, thereby consistently delivering superior customer experiences and aligning with the organization’s long-term digital transformation strategies.",gemini_speech/30937e68-8b96-4f19-862f-75e8614ce15c.wav
"The system is designed with an omnichannel-first approach, meaning that customer conversations can seamlessly transition from one channel to another without losing context, ensuring continuity, reducing customer frustration, enhancing convenience, and improving overall satisfaction while enabling agents and AI bots to maintain a unified view of customer journeys across touchpoints and provide consistent, high-quality support regardless of the communication channel used.",gemini_speech/d128872d-24b5-4c2c-99e4-04a18406c8f9.wav
"The AI Contact Centre strengthens decision-making capabilities for managers and executives by offering comprehensive performance dashboards, predictive analytics, and real-time insights into agent workload, customer needs, campaign success, and resource utilization, enabling data-driven strategies, faster issue resolution, proactive customer outreach, and optimization of workforce planning while ensuring organizations remain agile, customer-centric, and competitive in fast-paced digital markets.",gemini_speech/8105dfb1-367f-443c-8a2c-4cd970d200d2.wav
"Ultimately, Worktual’s AI Contact Centre empowers organizations to build long-lasting relationships with their customers by combining the efficiency of automation with the empathy of human support, delivering scalable, intelligent, secure, and future-ready engagement solutions that improve operational efficiency, boost profitability, enhance customer satisfaction, and create a sustainable advantage in the modern digital-first business landscape.",gemini_speech/ca1ade75-a26f-47ad-bee9-0d50c1e52319.wav
"Worktual’s Ticketing System is a comprehensive, enterprise-grade workflow management platform designed to streamline issue tracking, automate task assignment, monitor service-level agreements, and enhance collaboration across teams by providing managers with intelligent tools to capture, categorize, prioritize, and route tickets efficiently, ensuring consistent resolution times, improved productivity, reduced operational overhead, enhanced accountability, optimized resource allocation, measurable performance tracking, improved customer satisfaction, and a scalable system that aligns operational processes with organizational goals while delivering actionable insights to drive continuous improvement across all departments.",gemini_speech/46d51bce-01a6-4245-bca4-3828ad9cc008.wav
"The platform leverages advanced automation, AI-assisted routing, and predictive analytics to detect ticket urgency, recommend task assignments based on skill and availability, escalate unresolved issues, track SLA compliance in real-time, provide notifications to relevant stakeholders, and ensure critical requests receive immediate attention, enabling organizations to maintain operational efficiency, reduce human error, increase resolution accuracy, improve employee productivity, and ensure customer expectations are consistently met in complex, high-volume enterprise environments.",gemini_speech/77f0c5c5-73ec-466f-a955-8e9b0e844fb4.wav
"Through seamless integration with CRM systems, helpdesk tools, email platforms, collaboration applications, and analytics dashboards, the Ticketing System centralizes all communication, automates workflows, synchronizes data, generates actionable reports, reduces manual intervention, enhances cross-functional collaboration, provides historical insights for trend analysis, facilitates team alignment, and ensures that managers and executives have a unified view of operations to make informed, data-driven decisions that improve efficiency, optimize ticket resolution, and maintain a high-quality service standard across the organization.",gemini_speech/318b3715-a16e-4210-8cd2-8626f10df933.wav
"The system provides real-time dashboards and advanced reporting features that track ticket status, agent performance, SLA adherence, priority handling, response times, workflow efficiency, resolution trends, and customer satisfaction metrics, enabling managers to identify bottlenecks, allocate resources intelligently, optimize processes, refine automation rules, improve workforce planning, and implement proactive strategies that enhance overall operational performance, reduce delays, improve employee accountability, and maintain a consistent, high-quality experience for both internal and external stakeholders across all touchpoints.",gemini_speech/baba89e6-806b-46b3-a443-af8a1046de9f.wav
"Lukas’s AI-driven capabilities allow the Ticketing System to continuously learn from past interactions, ticket volumes, resolution patterns, agent performance, and operational outcomes to improve task routing, optimize workload distribution, predict potential delays, anticipate peak periods, recommend escalation paths, enhance SLA compliance, reduce errors, streamline repetitive processes, and enable organizations to proactively manage workload, improve service delivery, and ensure that critical issues are addressed promptly, effectively, and in alignment with organizational priorities and customer expectations.",gemini_speech/144193f5-d9ae-4870-8b51-7391a080c678.wav
"The platform fosters collaboration by enabling real-time communication between agents, managers, and stakeholders, facilitating ticket handovers, maintaining contextual visibility, ensuring accountability, documenting resolution steps, and providing an auditable trail for compliance purposes, which empowers teams to work together efficiently, minimizes miscommunication, increases transparency, improves response quality, accelerates ticket closure, and strengthens cross-functional coordination across departments while supporting enterprise-wide operational objectives and business continuity.",gemini_speech/884c9f4b-bf55-4441-a455-b4d9b58fc3a8.wav
"Automation features in the Ticketing System handle repetitive workflows such as ticket categorization, SLA reminders, status updates, approval processes, reporting, escalation notifications, and follow-up actions, reducing manual effort, eliminating human error, increasing productivity, enabling agents to focus on high-priority tasks, optimizing operational efficiency, improving compliance tracking, and creating a structured environment that ensures consistent, predictable outcomes and maximizes the value delivered by each ticket resolution cycle for both internal and external stakeholders.",gemini_speech/7fcdca39-0b62-4432-82d0-33650737c0cf.wav
"The system’s SLA tracking and escalation mechanisms allow organizations to monitor deadlines, enforce priority handling, alert relevant personnel, trigger automated escalations for overdue tickets, maintain resolution consistency, analyze breach patterns, and optimize operational processes, ensuring that service levels are consistently met, accountability is maintained, resolution times are minimized, customer satisfaction is improved, and operational transparency is upheld across all departments, teams, and communication channels within the enterprise.",gemini_speech/0cb24217-aa38-4d22-9dc9-6add36616565.wav
"By combining AI-driven insights, automation, workflow optimization, real-time monitoring, collaborative tools, and advanced reporting, the Ticketing System enables organizations to enhance operational efficiency, optimize resource utilization, reduce downtime, improve agent performance, achieve measurable outcomes, maintain SLA compliance, predict workload trends, foster accountability, and deliver a seamless, consistent, and high-quality issue resolution experience that supports business objectives and strengthens customer and employee satisfaction.",gemini_speech/b9617b89-5c8e-4f0a-9b57-1270ca486301.wav
"Ultimately, Worktual’s Ticketing System empowers enterprises to transform traditional helpdesk operations into an intelligent, automated, and collaborative workflow management ecosystem that enhances productivity, reduces operational costs, improves SLA adherence, accelerates issue resolution, strengthens cross-team collaboration, provides actionable insights, supports proactive decision-making, ensures compliance, and drives sustainable growth and operational excellence across complex organizational environments.",gemini_speech/f1f1472f-491f-4566-b048-a7829a7d7c18.wav
"Worktual’s Customer Data Platform is an advanced enterprise solution designed to unify fragmented customer data from multiple sources including CRM systems, e-commerce platforms, social media, marketing automation tools, and transactional databases, ensuring organizations have a single, consistent, and accurate view of every customer, enabling better segmentation, improved personalization, enhanced targeting, real-time decision-making, streamlined workflows, reduced operational inefficiencies, higher engagement, data-driven strategy execution, measurable outcomes, and a stronger foundation for customer-centric growth and business intelligence.",gemini_speech/4f7f9a72-ee5f-4ab1-a48e-7446bcecf821.wav
"The platform leverages advanced analytics, AI-powered algorithms, and machine learning to analyze customer behaviors, preferences, interactions, and purchase histories, creating predictive models, actionable insights, and intelligent recommendations that allow organizations to deliver personalized campaigns, optimize customer journeys, anticipate needs, enhance satisfaction, increase loyalty, improve retention, maximize lifetime value, and make data-driven decisions that align with strategic business objectives across all customer touchpoints.",gemini_speech/c31aff4e-0c59-4b1e-b244-d87a37fdd42a.wav
"Through robust segmentation and profiling capabilities, the CDP enables organizations to categorize customers based on demographic, behavioral, transactional, and engagement data, allowing precise targeting, personalized messaging, tailored product recommendations, dynamic audience creation, campaign optimization, improved conversion rates, enhanced engagement, reduction of marketing waste, stronger cross-channel consistency, and better alignment between sales, marketing, and customer experience initiatives that drive measurable business outcomes.",gemini_speech/721bca87-debb-49a4-9b43-7bdf42cb05d8.wav
"The system provides real-time dashboards and visualization tools that display customer metrics, engagement trends, conversion performance, campaign effectiveness, segment behavior, churn risk, lifetime value, and actionable recommendations, enabling managers to monitor KPIs, optimize strategies, allocate resources efficiently, identify high-value opportunities, detect anomalies, improve campaign ROI, strengthen personalization, and ensure that customer engagement is consistently data-driven, measurable, and aligned with organizational goals and market dynamics.",gemini_speech/7e1d223e-fb64-4ea7-b04c-fcc929f32b87.wav
"By integrating seamlessly with marketing automation platforms, CRM systems, analytics dashboards, and communication tools, the CDP centralizes data, ensures synchronization across channels, automates workflows, enhances collaboration, reduces manual effort, improves reporting accuracy, maintains a consistent customer view, enables actionable insights, allows for precise campaign execution, and empowers organizations to achieve operational efficiency while improving customer experiences at scale.",gemini_speech/70521806-947b-4bbe-bb2e-b013a457ea8e.wav
"The platform supports predictive analytics, propensity modeling, and churn prediction, enabling organizations to anticipate customer behaviors, identify at-risk segments, recommend proactive retention actions, optimize timing of communications, deliver personalized offers, improve campaign relevance, maximize customer lifetime value, and make informed strategic decisions, ensuring that every customer interaction is contextually appropriate, effective, and contributes to long-term business growth and loyalty in competitive markets.",gemini_speech/8e10b44e-8887-483e-901e-86141c952dc8.wav
"Customer data privacy and compliance are prioritized through GDPR adherence, secure cloud infrastructure, role-based access controls, encryption, and audit capabilities, allowing organizations to manage sensitive data responsibly, maintain trust, mitigate risk, ensure regulatory compliance, enable safe data sharing, and build confidence among stakeholders while maintaining operational efficiency, transparency, and accountability in all data-driven processes across the enterprise.",gemini_speech/da21a97a-c1a4-4524-8085-1f935bb8f053.wav
"The CDP empowers cross-functional teams by enabling collaboration across marketing, sales, customer service, analytics, and product departments, allowing them to share insights, align strategies, coordinate campaigns, optimize customer interactions, reduce silos, enhance productivity, improve engagement outcomes, implement consistent messaging, achieve operational transparency, and deliver a unified, personalized customer experience that drives measurable value for both the organization and its customers.",gemini_speech/4c7c7e9f-86af-4291-8c78-02bd15ac1270.wav
"Automation capabilities within the platform allow for real-time data ingestion, segmentation updates, audience synchronization, campaign triggers, personalized messaging, performance monitoring, anomaly detection, reporting, workflow optimization, and task prioritization, reducing manual intervention, accelerating response times, increasing operational efficiency, improving accuracy, enabling proactive customer engagement, and ensuring that every marketing, sales, or service activity is optimized for maximum impact and measurable results.",gemini_speech/c9bd7bf3-71c4-4978-a694-e8351626cea9.wav
"Overall, Worktual’s Customer Data Platform combines data unification, advanced analytics, AI-driven segmentation, predictive insights, personalization, real-time dashboards, automation, compliance, and cross-functional collaboration to empower organizations to understand their customers deeply, deliver intelligent and personalized experiences, optimize engagement strategies, enhance loyalty, drive revenue growth, reduce operational inefficiencies, and create a sustainable, data-driven advantage in today’s competitive digital landscape.",gemini_speech/663c3afe-b864-4165-8814-3e7e60939fee.wav
"Worktual’s Customer Value Management platform is a sophisticated enterprise solution designed to help organizations analyze, quantify, and optimize the value of their customers by integrating data from multiple sources including CRM systems, transaction histories, engagement platforms, and behavioral analytics, enabling businesses to identify high-value customers, understand purchase behaviors, track engagement, evaluate profitability, prioritize resources, develop targeted retention strategies, maximize revenue, reduce churn, improve lifetime value, and create actionable insights that align with strategic growth objectives across the organization.",gemini_speech/90a4e23c-3049-43b6-ad48-f20f2c768b3e.wav
"The platform leverages advanced analytics, machine learning, predictive modeling, and AI-driven algorithms to segment customers based on value, behavior, engagement, and potential, allowing organizations to deliver personalized offers, optimize loyalty programs, forecast revenue, detect at-risk segments, design retention initiatives, improve customer satisfaction, enhance decision-making, align marketing and sales strategies, and maximize ROI by focusing on high-value opportunities and minimizing wasted efforts across multiple channels.",gemini_speech/5c6b394e-b10d-4940-a5f8-73466864e11a.wav
"Through real-time dashboards, visualization tools, and reporting capabilities, the CVM platform provides managers and executives with a clear view of customer performance metrics, segment behavior, churn risks, revenue contribution, engagement scores, campaign effectiveness, and actionable recommendations, enabling informed decision-making, operational efficiency, resource optimization, continuous improvement, and the ability to implement data-driven strategies that improve profitability, strengthen customer relationships, and ensure sustainable business growth across all customer touchpoints.",gemini_speech/36df03f4-11cc-457e-9c96-8ad031a86dba.wav
"By integrating seamlessly with CRM systems, marketing automation tools, analytics platforms, and communication channels, the Customer Value Management platform centralizes data, ensures consistency across systems, automates workflows, provides cross-functional visibility, facilitates collaboration, maintains accurate reporting, enhances personalization, enables proactive interventions, improves customer targeting, and empowers organizations to deliver high-value, contextually relevant experiences that drive retention, loyalty, and measurable growth at scale.",gemini_speech/ec799b0d-ab95-47ae-a86b-955746fe444d.wav
"The platform’s predictive and prescriptive analytics capabilities allow organizations to anticipate customer behaviors, identify high-risk or high-potential segments, recommend optimal engagement actions, forecast revenue trends, design retention campaigns, optimize incentives, increase conversion rates, enhance customer satisfaction, reduce churn, and ensure that every intervention is aligned with long-term business objectives while maximizing overall customer value and profitability in competitive market environments.",gemini_speech/fe462e27-b6e3-46ad-aeb7-32fe5fe7f6ea.wav
"Automation features within the CVM system handle repetitive tasks such as data consolidation, score updates, segmentation refreshes, campaign triggers, alerts for at-risk customers, reporting, and workflow notifications, reducing manual effort, accelerating decision-making, increasing operational efficiency, improving accuracy, enabling teams to focus on high-value strategic initiatives, and ensuring consistent, reliable, and measurable outcomes that strengthen customer relationships and drive business performance.",gemini_speech/caf91b1a-98e4-44be-9bbd-ef25030ea368.wav
"Cross-functional collaboration is enhanced through real-time access to insights, unified customer profiles, shared dashboards, task assignments, workflow coordination, and communication tools, enabling marketing, sales, customer success, and analytics teams to work together efficiently, align strategies, optimize resource allocation, ensure accountability, and deliver a seamless, personalized customer experience that maximizes engagement and revenue generation.",gemini_speech/715d7628-5bbf-4908-b686-5fb05f36528e.wav
"The platform prioritizes data security, compliance, and governance with GDPR adherence, role-based access, secure cloud infrastructure, encryption, and audit trails, ensuring sensitive customer information is managed responsibly, risk is mitigated, operational integrity is maintained, and trust is built with both customers and stakeholders while allowing organizations to operate confidently across regions and channels without compromising privacy or security.",gemini_speech/1b55eb71-d47c-4ea5-83da-c0790a27c1d9.wav
"Advanced segmentation, scoring models, and value-based prioritization enable organizations to focus on high-potential customers, design tailored retention programs, optimize marketing spend, enhance cross-selling and upselling strategies, improve lifetime value, strengthen engagement, reduce churn, align resources effectively, deliver consistent experiences, and generate measurable impact on revenue, customer satisfaction, and long-term growth.",gemini_speech/bf31bc5b-3fb6-4e71-ad44-9e9ccf7fad8c.wav
"Overall, Worktual’s Customer Value Management platform combines customer value analysis, segmentation, predictive insights, retention strategies, automation, real-time dashboards, actionable recommendations, cross-functional collaboration, and compliance capabilities to empower organizations to understand, optimize, and maximize the value of every customer relationship, improve profitability, strengthen loyalty, enhance operational efficiency, drive revenue growth, and achieve sustainable competitive advantage in the modern digital marketplace.",gemini_speech/fbf2cba5-98fc-437b-abad-e78cde5b4e79.wav
"Worktual’s Campaign Management platform is a comprehensive enterprise solution designed to help organizations plan, execute, and optimize marketing campaigns across multiple channels including email, SMS, social media, web, and in-app messaging, providing a centralized system for campaign creation, scheduling, targeting, automation, personalization, performance tracking, cross-channel integration, resource allocation, audience segmentation, actionable insights, reporting, and optimization that ensures campaigns are executed efficiently, consistently, and deliver measurable impact on engagement, conversions, revenue, and overall business growth.",gemini_speech/32b65c09-6228-4812-ac4a-07613db84828.wav
"The platform leverages AI-powered analytics, predictive modeling, and machine learning to analyze customer behavior, preferences, engagement history, and campaign performance, enabling organizations to optimize messaging, timing, targeting, and content delivery, enhance personalization, improve customer response, forecast trends, detect anomalies, identify high-value segments, maximize ROI, and continuously refine campaigns based on real-time data to achieve higher engagement, conversion, retention, and satisfaction across all touchpoints.",gemini_speech/962ca8d1-12f0-4a6b-a484-ff30814b7cea.wav
"Through advanced automation and workflow capabilities, the Campaign Management system allows organizations to streamline repetitive tasks such as audience segmentation, content distribution, scheduling, follow-ups, reporting, notifications, and performance tracking, reducing manual effort, increasing operational efficiency, improving consistency, accelerating execution, minimizing errors, optimizing resource utilization, enhancing campaign effectiveness, and enabling marketing teams to focus on strategy, creativity, and high-value decision-making that drives measurable results and long-term business success.",gemini_speech/032528a7-7709-449b-a262-03e3c3e3288f.wav
"By integrating seamlessly with CRM platforms, analytics dashboards, e-commerce systems, social media accounts, and communication tools, the platform centralizes data, ensures consistent customer messaging, synchronizes campaign information, automates cross-channel workflows, enhances reporting accuracy, facilitates collaboration among teams, allows real-time monitoring, improves campaign visibility, supports personalized engagement, and empowers organizations to deliver targeted, timely, and impactful campaigns that drive loyalty, conversions, and revenue growth.",gemini_speech/5e137b97-9390-42dd-91c2-251b315e3788.wav
"The system provides real-time dashboards, KPI tracking, performance analytics, engagement scoring, conversion metrics, attribution analysis, A/B testing results, trend identification, predictive insights, and actionable recommendations, enabling marketers and managers to monitor effectiveness, identify areas for improvement, optimize resource allocation, refine strategies, maximize ROI, enhance personalization, adjust campaigns dynamically, ensure alignment with business objectives, and maintain consistent, high-quality engagement across all channels.",gemini_speech/59c0ea8e-f41e-4308-a8f9-9bd243727a35.wav
"Advanced segmentation, behavioral targeting, and predictive modeling capabilities allow organizations to identify high-value customer segments, deliver personalized content and offers, anticipate customer needs, increase relevance of communications, improve engagement rates, reduce campaign waste, optimize cross-selling and upselling, enhance retention, strengthen loyalty, and ensure that marketing efforts are aligned with strategic business goals while maximizing the impact of each campaign.",gemini_speech/d239879d-c3f4-4b4c-bd5d-453c227d9b34.wav
"Automation and AI-driven recommendations within the platform enable real-time campaign adjustments, intelligent scheduling, dynamic audience targeting, content personalization, anomaly detection, priority alerts, workflow optimization, performance monitoring, predictive engagement scoring, and automated reporting, reducing manual intervention, accelerating decision-making, improving operational efficiency, and ensuring that campaigns are consistently optimized for maximum impact, measurable results, and strategic growth objectives.",gemini_speech/d53f9c9f-7850-4d98-9cf4-4066d543f733.wav
"The platform fosters collaboration by enabling marketing, analytics, sales, and customer success teams to coordinate on campaign planning, execution, optimization, and reporting, share insights, monitor performance, align strategies, prioritize tasks, enhance productivity, maintain accountability, reduce silos, improve communication, ensure consistency, and deliver cohesive, effective, and personalized campaigns that achieve measurable business outcomes while strengthening cross-functional efficiency and collaboration.",gemini_speech/ffb30538-d394-4559-924f-b1d505f9253e.wav
"Compliance, data security, and privacy are prioritized through GDPR adherence, role-based access, encryption, audit trails, and secure cloud infrastructure, allowing organizations to manage sensitive customer data responsibly, mitigate risk, ensure regulatory compliance, maintain operational integrity, foster trust among customers and stakeholders, and confidently execute campaigns across multiple regions, channels, and devices while maintaining security, reliability, and accountability at all times.",gemini_speech/0e917f4f-55da-4105-8585-90e9608b122a.wav
"Overall, Worktual’s Campaign Management platform combines campaign planning, cross-channel execution, AI-driven analytics, automation, predictive insights, personalization, real-time monitoring, reporting, compliance, and collaborative workflows to empower organizations to design, implement, and optimize marketing campaigns efficiently, maximize engagement and conversions, strengthen customer relationships, drive revenue growth, improve operational efficiency, ensure measurable results, and achieve sustainable business success in today’s competitive digital marketing environment.",gemini_speech/ce894ce7-5aaf-4e69-87fa-2cfe8b782096.wav
"Worktual’s Lola is an AI-powered conversational platform designed to enable organizations to deliver intelligent, real-time, and personalized customer interactions across WhatsApp, Instagram, websites, and social media, providing seamless engagement, faster responses, reduced operational workload, improved efficiency, consistent service quality, multilingual support, 24/7 availability, contextual understanding, actionable insights, scalable automation, enhanced satisfaction, increased retention, and measurable outcomes that drive loyalty, trust, and business growth.",gemini_speech/06d5c8be-b924-4590-a6da-de489a72b78d.wav
"Lola leverages advanced natural language processing, machine learning, and predictive algorithms to interpret customer queries accurately, detect intent, manage sentiment, provide contextual responses, escalate complex cases to human agents, automate repetitive tasks, deliver proactive recommendations, learn from interactions, optimize engagement strategies, improve response accuracy, enhance operational efficiency, and enable organizations to maintain a seamless, intelligent, and scalable customer support model across industries.",gemini_speech/d63d32a2-9eb8-4a9f-a27e-81828182d826.wav
"The platform’s integration capabilities allow seamless connectivity with CRMs, helpdesk platforms, analytics tools, social media accounts, messaging systems, and third-party applications, ensuring synchronized customer data, automated workflows, accurate reporting, cross-functional collaboration, actionable insights, personalized engagement, enhanced operational efficiency, campaign optimization, consistent communication, improved productivity, and a unified, intelligent customer experience that strengthens relationships and supports long-term business objectives.",gemini_speech/6493247f-a2aa-49c9-bd73-e82ef305414d.wav
"Through real-time dashboards, reporting, and analytics, Lola provides organizations with insights into customer behavior, query patterns, sentiment, engagement metrics, agent performance, workflow efficiency, trends, preferences, and actionable recommendations, enabling managers to optimize processes, improve service quality, refine AI models, enhance training, allocate resources effectively, predict customer needs, reduce costs, increase satisfaction, and ensure data-driven decisions across all touchpoints.",gemini_speech/34da6804-c630-4418-864d-71e120881ced.wav
"By combining contextual understanding, continuous learning, and adaptive communication, Lola handles diverse customer queries, recognizes intent, detects sentiment, recommends next best actions, escalates complex issues, delivers personalized suggestions, supports multilingual communication, enhances response accuracy over time, improves personalization, increases engagement, reduces agent workload, and empowers organizations to provide a proactive, intelligent, and consistent conversational experience aligned with business goals.",gemini_speech/aa31d0ec-ef73-4d5d-87fd-646b3e500802.wav
"Lola’s secure cloud infrastructure ensures enterprise-grade security, GDPR compliance, high availability, scalability, redundancy, centralized management, auditability, role-based access, seamless system integration, uninterrupted operations, reliable performance under high volumes, data privacy, business continuity, and operational excellence, allowing organizations to deliver a secure, consistent, and efficient AI-powered conversational experience at scale while maintaining superior service quality across channels.",gemini_speech/90f557d7-03f7-4c27-8781-4051b47a7215.wav
"The platform’s automation capabilities enable instant responses, repetitive task handling, proactive engagement, personalized recommendations, predictive insights, escalation management, workflow optimization, intelligent routing, anomaly detection, adaptive learning, performance improvement, resource prioritization, enhanced productivity, reduced response times, higher satisfaction, loyalty building, and measurable improvements in engagement and retention, empowering organizations to maximize value from every interaction.",gemini_speech/0d564528-4e9b-444d-928e-42ecd3d4cbc3.wav
"Its collaborative features allow agents, supervisors, managers, and cross-functional teams to coordinate on interactions, escalations, insights, training, workflows, performance monitoring, strategy alignment, accountability, productivity improvement, campaign optimization, and consistent communication, ensuring that every customer interaction is managed effectively, consistently, and with measurable outcomes that enhance satisfaction, loyalty, engagement, and long-term business growth across all channels.",gemini_speech/8dad24a4-72ed-4179-93fe-338f3090f199.wav
"The platform supports real-time monitoring, AI-driven recommendations, alerts, conversation analytics, sentiment tracking, engagement scoring, predictive insights, workflow automation, reporting, trend identification, campaign tracking, continuous optimization, anomaly detection, resource allocation, and actionable intelligence, enabling organizations to respond quickly to evolving customer behavior, maximize engagement, refine messaging, improve retention, reduce costs, and achieve measurable business performance.",gemini_speech/db239895-9add-4d78-9e0a-74e27505bae3.wav
"Overall, Worktual’s Lola combines conversational AI, natural language processing, machine learning, contextual awareness, automation, analytics, omnichannel engagement, secure cloud infrastructure, predictive insights, collaborative workflows, and real-time monitoring to empower organizations to deliver intelligent, personalized, responsive, scalable customer support, improve operational efficiency, enhance engagement, drive loyalty, optimize decision-making, maintain compliance, and achieve measurable growth in modern enterprises.",gemini_speech/4829135a-3f35-4ea1-9736-16efecb9f0d6.wav
"Worktual’s Lukas is a powerful AI-driven scheduling and calendar assistant designed to help organizations streamline meeting management, optimize availability, automate scheduling tasks, and enhance productivity by integrating with email platforms, calendars, video conferencing tools, and collaboration systems, ensuring seamless coordination, minimizing conflicts, reducing manual effort, saving time, improving resource allocation, increasing operational efficiency, maintaining meeting consistency, and providing actionable insights that help teams work smarter and achieve strategic business objectives.",gemini_speech/5d25b931-138e-4f74-b68c-c6d5f2f7503d.wav
"Lukas leverages advanced artificial intelligence, natural language understanding, and predictive algorithms to interpret scheduling requests, detect preferences, analyze availability, resolve conflicts, send automated notifications, propose optimal times, handle rescheduling, manage recurring meetings, learn user patterns, improve scheduling accuracy, enhance team productivity, and ensure seamless coordination across departments, platforms, and time zones while maintaining consistency and minimizing errors.",gemini_speech/464ef3b7-a58c-499f-9655-cc0e4cf621d6.wav
"The platform’s integration capabilities enable organizations to connect Lukas seamlessly with calendars, email systems, video conferencing platforms, collaboration tools, CRMs, and other enterprise applications, ensuring synchronized schedules, automated notifications, accurate reporting, cross-platform visibility, workflow optimization, improved collaboration, consistent communication, resource utilization tracking, actionable insights, and a unified scheduling experience that enhances productivity, reduces bottlenecks, and supports long-term operational efficiency.",gemini_speech/e7329dfa-4a3e-4c06-922a-0582093611df.wav
"Through real-time dashboards, analytics, and reporting features, Lukas provides managers and executives with visibility into meeting patterns, resource utilization, scheduling conflicts, participant engagement, time allocation, meeting frequency, recurring tasks, trends, and actionable recommendations, enabling teams to optimize scheduling processes, improve coordination, allocate resources effectively, enhance decision-making, reduce wasted time, and ensure alignment with organizational goals and priorities.",gemini_speech/804b9e8e-90ee-49eb-a2fe-4bc145f78980.wav
"By combining AI-powered automation, contextual understanding, and predictive scheduling, Lukas manages complex calendars, handles multiple requests simultaneously, accommodates participant preferences, sends timely reminders, prioritizes critical meetings, adapts to changing schedules, improves accuracy, reduces rescheduling conflicts, increases team efficiency, ensures better time management, enhances communication, and allows organizations to maintain smooth and intelligent scheduling workflows that support business objectives.",gemini_speech/26602b1d-653c-4d1e-a247-a69dadd8216a.wav
"Lukas’s secure cloud-based infrastructure ensures data privacy, enterprise-grade security, compliance with regulations, high availability, redundancy, role-based access, centralized management, auditability, uninterrupted operations, seamless integration with existing systems, and reliable performance, enabling organizations to manage sensitive scheduling data responsibly while ensuring operational continuity and secure collaboration across teams and time zones.",gemini_speech/febbfeeb-06d1-4b76-b16c-00434cfe099e.wav
"The platform’s automation features handle repetitive scheduling tasks such as sending reminders, confirming attendance, resolving conflicts, proposing alternative times, updating participants, tracking cancellations, logging meetings, generating reports, prioritizing requests, and notifying teams, reducing manual workload, increasing operational efficiency, improving accuracy, saving time, enhancing productivity, and enabling staff to focus on strategic initiatives and high-value tasks.",gemini_speech/23440433-ee27-4812-aeb5-bea391aee06b.wav
"Its collaborative tools allow teams, managers, and cross-functional units to coordinate on scheduling, share calendars, track availability, manage meeting priorities, assign tasks, monitor progress, optimize workflows, ensure accountability, maintain communication consistency, and deliver a seamless, organized, and efficient scheduling experience that supports collaboration, engagement, and operational excellence across the organization.",gemini_speech/b0a11fea-3c8c-494b-936a-0b4e66660961.wav
"Lukas provides real-time monitoring, predictive scheduling recommendations, automated alerts, availability scoring, conflict detection, recurring meeting management, resource allocation insights, trend analysis, actionable guidance, workflow optimization, and reporting capabilities, enabling organizations to anticipate scheduling challenges, maximize productivity, optimize time utilization, streamline coordination, improve efficiency, and ensure that meetings contribute effectively to business goals and team performance.",gemini_speech/e6656210-9c60-4407-99c0-9d0914c25391.wav
"Overall, Worktual’s Lukas combines AI-powered scheduling, natural language processing, predictive analytics, automation, seamless integrations, real-time dashboards, collaborative workflows, reporting, compliance, and secure cloud infrastructure to empower organizations to streamline meeting management, improve coordination, enhance productivity, optimize resources, reduce time waste, maintain operational efficiency, and achieve measurable organizational growth and success across teams.",gemini_speech/2bac5354-34e3-49c3-960a-6cc7979a1841.wav
"Worktual’s AI Contact Centre is an advanced, AI-powered customer support platform designed to help organizations manage inbound and outbound communications across multiple channels including phone, email, chat, social media, and messaging apps, delivering seamless, intelligent, and personalized interactions, faster responses, consistent service quality, reduced operational costs, enhanced productivity, improved customer satisfaction, measurable outcomes, data-driven insights, predictive analytics, and scalable automation that drives long-term loyalty, retention, and business growth.",gemini_speech/ba017a3d-19d1-490e-9a52-d507a62f165a.wav
"The platform leverages natural language processing, machine learning, sentiment analysis, and predictive algorithms to interpret customer queries, detect intent, route interactions intelligently, escalate complex issues to human agents, automate repetitive tasks, deliver personalized recommendations, analyze conversation trends, optimize workflows, improve response accuracy, enhance agent productivity, reduce wait times, and ensure a consistent, intelligent, and scalable customer support experience across industries.",gemini_speech/80ae97ee-4ff7-4967-ae0b-fedc5849f591.wav
"Through seamless integration with CRMs, helpdesk systems, analytics tools, telephony platforms, messaging apps, social media accounts, and third-party applications, the AI Contact Centre centralizes customer data, synchronizes interactions, automates workflows, ensures accurate reporting, improves cross-functional collaboration, enhances personalization, supports proactive engagement, provides actionable insights, optimizes campaign performance, and delivers a unified, intelligent customer experience across all touchpoints.",gemini_speech/48a2f426-515f-45d1-9141-b04cecb8e3d4.wav
"By providing real-time dashboards, performance metrics, analytics, engagement scores, sentiment tracking, conversation insights, agent performance data, predictive alerts, trend analysis, and actionable recommendations, the platform enables managers to optimize processes, allocate resources effectively, improve service quality, refine AI models, enhance training, anticipate customer needs, reduce operational costs, increase retention, and make informed, data-driven decisions across all communication channels.",gemini_speech/32f37ded-cd4a-41f3-a91d-02f46602710b.wav
"The AI Contact Centre combines contextual understanding, continuous learning, and adaptive communication to handle diverse customer queries, recognize intent, detect sentiment, recommend next-best actions, escalate complex cases to human agents, automate repetitive requests, deliver personalized responses, support multilingual interactions, improve accuracy over time, enhance engagement, reduce agent workload, and provide a proactive, intelligent, and consistent customer support experience aligned with business objectives.",gemini_speech/74103027-0410-4365-b230-34ab482982ee.wav
"The platform offers intelligent dashboards and analytics features that provide insights into ticket volumes, response times, SLA adherence, escalation trends, agent productivity, workflow efficiency, recurring issues, and resolution performance, helping managers make informed decisions, predict future workloads, refine operational strategies, improve overall service quality, and maintain control over enterprise-wide ticket handling processes.",gemini_speech/1f79a832-2bd3-41a8-9678-2fa87a84f19e.wav
"Through customizable workflows and rule-based automation, the Ticketing System empowers organizations to configure escalation paths, set priorities, enforce SLA compliance, standardize responses, manage knowledge bases, and optimize processes, ensuring that every ticket is handled effectively, consistently, and in alignment with business objectives while improving service reliability and customer trust.",gemini_speech/7d8aa622-9ce2-4a9d-a812-cf786725cf7b.wav
"The secure, cloud-based infrastructure ensures data privacy, enterprise-grade security, high availability, scalability, auditability, GDPR compliance, role-based access control, redundancy, and uninterrupted service, enabling organizations to deliver reliable ticket management at scale while safeguarding sensitive data, ensuring compliance, and maintaining operational excellence under high volumes and evolving enterprise demands.",gemini_speech/2add8254-86df-432b-95fa-cd36d0972d87.wav
"The Ticketing System’s collaborative features allow agents, supervisors, and cross-functional teams to work together efficiently on escalations, shared tasks, and resolutions, with built-in communication tools, notifications, and reporting features that foster accountability, improve coordination, enhance transparency, and ensure consistent outcomes across all service requests and customer interactions.",gemini_speech/87df38cb-1432-474d-8c9d-c479ea5b2966.wav
"By enabling automation of repetitive processes, intelligent task allocation, predictive insights, and proactive engagement, the platform reduces manual intervention, accelerates resolution times, enhances productivity, improves efficiency, increases retention, reduces costs, and helps organizations maximize the value of every customer and service interaction while maintaining consistent service quality.",gemini_speech/9cb95b66-e890-4e06-9c19-ffac910a63ac.wav
"Worktual’s Ticketing System is an advanced process-driven platform that enables organizations to manage customer issues, service requests, and internal tasks with speed, accuracy, and transparency by offering automated ticket creation, intelligent routing, priority management, and resolution tracking, ensuring faster response times, improved customer satisfaction, reduced operational costs, greater accountability, enhanced collaboration, and streamlined workflows that deliver consistent, measurable, and scalable business outcomes.",gemini_speech/dbdaad7d-6557-4cfa-ab94-3c9aa0705700.wav
"The Ticketing System leverages automation, AI-driven classification, SLA monitoring, and workflow optimization to assign tasks intelligently, route them to the right teams, detect delays, escalate unresolved issues, provide reminders, track compliance, and deliver insights that help managers optimize resource allocation, improve response times, enhance service quality, and ensure customer commitments are met effectively across all channels and departments.",gemini_speech/6fece244-f863-4480-94b3-7b251fb190f2.wav
"With robust integration capabilities, the Ticketing System connects seamlessly with CRM software, helpdesk platforms, ERP systems, communication tools, and analytics dashboards, centralizing customer and service data, automating processes, improving reporting accuracy, reducing manual effort, ensuring data consistency, and enabling organizations to manage tickets, monitor performance, and maintain a unified view of customer interactions and task progress in real-time.",gemini_speech/d232e421-0da5-4416-b712-2031b28cbb73.wav
